position_id,direction,entry_time,exit_time,holding_period,entry_price,exit_price,size,pnl_pct,pnl_abs,cumulative_pnl,exit_reason
1,long,2025-01-20 14:00:00,2025-01-20 15:00:00,1.0,107735.46870793,104861.87263048,1500.0,-0.026672702239225465,-40.00905335883817,-40.00905335883817,stop_loss
2,long,2025-01-20 15:00:00,2025-01-20 17:00:00,2.0,104861.87263048,102850.59535324,1493.7322428109767,-0.019180253287364835,-28.65016276061806,-68.65921611945623,stop_loss
3,long,2025-01-20 16:00:00,2025-01-20 17:00:00,1.0,106528.41795091,102850.59535324,1269.537970487477,-0.03452433320998727,-43.82995191584064,-112.48916803529687,stop_loss
5,long,2025-01-20 18:00:00,2025-01-20 23:00:00,5.0,103872.2033695,102198.02755249,1259.880542911803,-0.016117649984322746,-20.306313612710937,-132.7954816480078,stop_loss
4,long,2025-01-20 17:00:00,2025-01-21 00:00:00,7.0,102850.59535324,101066.94272672,1482.3693601814346,-0.017342171140517615,-25.707503137726007,-158.50298478573382,stop_loss
6,long,2025-01-20 19:00:00,2025-01-21 00:00:00,5.0,103595.66311413,101066.94272672,1070.7850722261705,-0.02440951977520678,-26.137349395500905,-184.64033418123472,stop_loss
8,long,2025-01-21 00:00:00,2025-01-21 12:00:00,12.0,101066.94272672,104404.72333978,1306.3838749552335,0.033025443562542556,43.143906933349626,-141.4964272478851,take_profit
9,long,2025-01-21 01:00:00,2025-01-21 16:00:00,15.0,101382.32119994,104918.58929372,1110.3087191632026,0.034880520113620195,38.72814561109999,-102.7682816367851,take_profit
7,long,2025-01-20 23:00:00,2025-01-21 17:00:00,18.0,102198.02755249,106183.03802013,1095.8955134499718,0.03899302719510178,42.7322835589448,-60.035998077840304,take_profit
12,long,2025-01-21 17:00:00,2025-01-22 13:00:00,20.0,106183.03802013,104035.01838757,1144.878629790281,-0.020229404550967667,-23.16021296378517,-83.19621104162547,stop_loss
11,long,2025-01-21 16:00:00,2025-01-23 00:00:00,32.0,104918.58929372,103266.65556581,1146.2236433747978,-0.015744909829900622,-18.04718790983634,-101.24339895146181,stop_loss
10,long,2025-01-21 12:00:00,2025-01-23 02:00:00,38.0,104404.72333978,102594.53418909,1145.970193286915,-0.017338192112236417,-19.869051366105168,-121.11245031756698,stop_loss
13,long,2025-01-22 13:00:00,2025-01-23 03:00:00,14.0,104035.01838757,102389.57100232,1141.2006041115178,-0.015816283889335092,-18.049552729308516,-139.1620030468755,stop_loss
14,long,2025-01-23 00:00:00,2025-01-23 09:00:00,9.0,103266.65556581,101612.367062,1139.0427378791724,-0.01601958051944219,-18.24698685454132,-157.40898990141682,stop_loss
17,long,2025-01-23 09:00:00,2025-01-23 14:00:00,5.0,101612.367062,105202.53951278,1132.3537811357976,0.03533204229549547,40.008371688554234,-117.40061821286258,take_profit
15,long,2025-01-23 02:00:00,2025-01-23 17:00:00,15.0,102594.53418909,105954.72069551,1136.897635536236,0.03275210061607092,37.23578574925591,-80.16483246360667,take_profit
16,long,2025-01-23 03:00:00,2025-01-23 17:00:00,14.0,102389.57100232,105954.72069551,1134.6322435313093,0.03481946118427648,39.50728336206703,-40.657549101539644,take_profit
19,long,2025-01-23 17:00:00,2025-01-23 19:00:00,2.0,105954.72069551,103810.09336206,1319.3526349631438,-0.020240979537034187,-26.704989686421186,-67.36253878796083,stop_loss
20,long,2025-01-23 18:00:00,2025-01-23 19:00:00,1.0,105481.68938464,103810.09336206,1121.3309979815256,-0.015847262518563943,-17.77002669521653,-85.13256548317736,stop_loss
18,long,2025-01-23 14:00:00,2025-01-23 20:00:00,6.0,105202.53951278,103327.00631458,1138.1476124550243,-0.017827831979019493,-20.290704402170377,-105.42326988534774,stop_loss
22,long,2025-01-23 20:00:00,2025-01-24 17:00:00,21.0,103327.00631458,106508.24239081,1282.8689798135313,0.030788040703944475,39.497022368326725,-65.92624751702101,take_profit
23,long,2025-01-23 21:00:00,2025-01-24 17:00:00,20.0,103111.18600834,106508.24239081,1090.3231746333183,0.03294556598539411,35.921314095286334,-30.004933421734677,take_profit
24,long,2025-01-24 17:00:00,2025-01-24 20:00:00,3.0,106508.24239081,104857.63940973,1293.7477680449913,-0.015497420143536389,-20.049752721155755,-50.05468614289043,stop_loss
25,long,2025-01-24 18:00:00,2025-01-25 00:00:00,6.0,106361.7531223,104412.69731791,1099.5691655391186,-0.018324780733435908,-20.149363859751475,-70.2040500026419,stop_loss
26,long,2025-01-24 20:00:00,2025-01-26 23:00:00,51.0,104857.63940973,102589.28508691,1125.4748989605484,-0.021632704451379547,-24.34706585665981,-94.55111585930172,stop_loss
27,long,2025-01-25 00:00:00,2025-01-26 23:00:00,47.0,104412.69731791,102589.28508691,1118.3681938453135,-0.017463510452643494,-19.53063464312163,-114.08175050242335,stop_loss
21,long,2025-01-23 19:00:00,2025-01-27 00:00:00,77.0,103810.09336206,101685.61275688,1312.2460622034423,-0.02046506785973512,-26.855204711663646,-140.936955214087,stop_loss
28,long,2025-01-26 23:00:00,2025-01-27 02:00:00,3.0,102589.28508691,100930.28632736,1280.309123591675,-0.016171267380843513,-20.70422116773443,-161.64117638182142,stop_loss
29,long,2025-01-27 00:00:00,2025-01-27 06:00:00,6.0,101685.61275688,98896.28331489,1280.8404706783929,-0.027430915410413315,-35.134626605412905,-196.77580298723433,stop_loss
30,long,2025-01-27 01:00:00,2025-01-27 06:00:00,5.0,101233.20093625,98896.28331489,1088.5991244342729,-0.02308449796852341,-25.12976427653939,-221.90556726377372,stop_loss
31,long,2025-01-27 02:00:00,2025-01-27 06:00:00,4.0,100930.28632736,98896.28331489,1114.0386527703058,-0.02015255367326385,-22.450723744044126,-244.35629100781784,stop_loss
32,long,2025-01-27 06:00:00,2025-01-27 14:00:00,8.0,98896.28331489,101923.91365355,1456.6409926825638,0.03061419739121951,44.593894878125866,-199.76239612969198,take_profit
35,long,2025-01-27 14:00:00,2025-01-27 16:00:00,2.0,101923.91365355,99696.59930953,1119.325647469613,-0.02185271605239647,-24.460305544318317,-224.2227016740103,stop_loss
33,long,2025-01-27 07:00:00,2025-01-27 23:00:00,16.0,99002.1548096,102067.98026942,1238.013746090838,0.030967259911828915,38.33789344961201,-185.88480822439828,take_profit
34,long,2025-01-27 08:00:00,2025-01-27 23:00:00,15.0,99013.72629242,102067.98026942,1052.200262940064,0.03084677338553843,32.4569830671162,-153.4278251572821,take_profit
36,long,2025-01-27 16:00:00,2025-01-28 04:00:00,12.0,99696.59930953,102917.93907573,1115.4573244489195,0.032311430766045035,36.042022111409096,-117.38580304587299,take_profit
39,long,2025-01-28 04:00:00,2025-01-28 20:00:00,16.0,102917.93907573,101212.36619914,1113.100585213958,-0.01657216314188903,-18.446484491497813,-135.8322875373708,stop_loss
37,long,2025-01-27 23:00:00,2025-01-28 21:00:00,22.0,102067.98026942,100279.53580353,1301.9771766548263,-0.0175220912686741,-22.813362919076553,-158.64565045644736,stop_loss
38,long,2025-01-28 00:00:00,2025-01-28 21:00:00,21.0,101851.71601066,100279.53580353,1106.5634222107035,-0.015435971711713292,-17.08088168246104,-175.7265321389084,stop_loss
41,long,2025-01-28 21:00:00,2025-01-29 19:00:00,22.0,100279.53580353,103588.57581207,1298.5985402511235,0.03299815841811582,42.851360352740585,-132.8751717861678,take_profit
40,long,2025-01-28 20:00:00,2025-01-30 01:00:00,29.0,101212.36619914,104317.50227497,1110.1349146184991,0.03067941391391349,34.05828854586798,-98.81688324029983,take_profit
42,long,2025-01-28 22:00:00,2025-01-30 01:00:00,27.0,101211.54897115,104317.50227497,1103.6918853448324,0.030687736087364303,33.869805299227664,-64.94707794107217,take_profit
44,long,2025-01-30 01:00:00,2025-01-31 18:00:00,41.0,104317.50227497,102596.69480113,1310.2205500755917,-0.016495865375535268,-21.613221806306683,-86.56029974737885,stop_loss
45,long,2025-01-30 02:00:00,2025-01-31 18:00:00,40.0,104654.94791546,102596.69480113,1113.5695477147462,-0.019667040644773426,-21.90061755568786,-108.46091730306671,stop_loss
43,long,2025-01-29 19:00:00,2025-01-31 20:00:00,49.0,103588.57581207,101609.27459197,1139.1355248729517,-0.019107331137468875,-21.765839684201865,-130.22675698726857,stop_loss
46,long,2025-01-31 18:00:00,2025-02-01 22:00:00,28.0,102596.69480113,100642.07836249,1303.261108199233,-0.01905145621336779,-24.829021937442803,-155.05577892471138,stop_loss
47,long,2025-01-31 19:00:00,2025-02-01 22:00:00,27.0,102252.52710102,100642.07836249,1107.65464846961,-0.015749720659118283,-17.445251300170185,-172.50103022488156,stop_loss
48,long,2025-01-31 20:00:00,2025-02-02 03:00:00,31.0,101609.27459197,99182.28791161,1108.9116517874518,-0.02388548378192823,-26.48689127436046,-198.98792149924202,stop_loss
49,long,2025-02-01 22:00:00,2025-02-02 11:00:00,13.0,100642.07836249,98837.83832384,1297.5581467518489,-0.017927293116419385,-23.261705232418308,-222.24962673166033,stop_loss
50,long,2025-02-01 23:00:00,2025-02-02 11:00:00,12.0,100623.37946742,98837.83832384,1102.807644505864,-0.01774479403326068,-19.56909451006186,-241.8187212417222,stop_loss
51,long,2025-02-02 03:00:00,2025-02-02 17:00:00,14.0,99182.28791161,97166.16625545,1099.5535409904962,-0.02032743646684909,-22.35110474638327,-264.16982598810546,stop_loss
52,long,2025-02-02 11:00:00,2025-02-02 17:00:00,6.0,98837.83832384,97166.16625545,1287.9396206012814,-0.016913280346265602,-21.783283872292486,-285.95310986039794,stop_loss
53,long,2025-02-02 12:00:00,2025-02-03 00:00:00,12.0,98158.61159113,96464.86093429,1094.632762945235,-0.017255242605662913,-18.888153888727174,-304.8412637491251,stop_loss
54,long,2025-02-02 17:00:00,2025-02-03 01:00:00,8.0,97166.16625545,93415.73098004,1281.6322452111824,-0.038598160449699104,-49.468647038169365,-354.3099107872945,stop_loss
55,long,2025-02-02 18:00:00,2025-02-03 01:00:00,7.0,97017.12319753,93415.73098004,1089.272061527436,-0.03712120189502488,-40.43508811456991,-394.7449989018644,stop_loss
56,long,2025-02-03 00:00:00,2025-02-03 01:00:00,1.0,96464.86093429,93415.73098004,1087.0480921564442,-0.03160871144910493,-34.360189476273035,-429.1051883781374,stop_loss
57,long,2025-02-03 01:00:00,2025-02-03 14:00:00,13.0,93415.73098004,96670.29329859,1423.646283181907,0.03483955308603637,49.59920025865449,-379.50598811948294,take_profit
58,long,2025-02-03 02:00:00,2025-02-03 14:00:00,12.0,93559.37648839,96670.29329859,1209.9712125391345,0.03325072191546763,40.23241631385986,-339.2735718056231,take_profit
59,long,2025-02-03 03:00:00,2025-02-03 15:00:00,12.0,94117.08248202,98972.28141392,1028.3666332491357,0.051586798101476816,53.05014188371865,-286.2234299219044,take_profit
60,long,2025-02-03 14:00:00,2025-02-03 18:00:00,4.0,96670.29329859,100007.42307973,1282.2913416887,0.034520737108270305,44.26564230264671,-241.95778761925772,take_profit
61,long,2025-02-03 15:00:00,2025-02-03 19:00:00,4.0,98972.28141392,102050.77808887,1251.9474229748091,0.03110463486312054,38.94136745945616,-203.01642015980156,take_profit
62,long,2025-02-03 16:00:00,2025-02-03 19:00:00,3.0,98689.71240917,102050.77808887,1064.0426342605201,0.03405690013326779,36.23799373254974,-166.77842642725182,take_profit
64,long,2025-02-03 19:00:00,2025-02-04 04:00:00,9.0,102050.77808887,100160.0778613,1296.08485694082,-0.018527053521566694,-24.012633513034643,-190.79105994028646,stop_loss
65,long,2025-02-03 20:00:00,2025-02-04 05:00:00,9.0,101206.03137864,98960.46992776,1101.5554807625722,-0.022188020024999422,-24.441335065807834,-215.2323950060943,stop_loss
66,long,2025-02-04 04:00:00,2025-02-04 07:00:00,3.0,100160.0778613,98508.80594356,1126.9193656689772,-0.016486328215785107,-18.57876253514314,-233.81115754123743,stop_loss
63,long,2025-02-03 18:00:00,2025-02-04 08:00:00,14.0,100007.42307973,98372.37665369,1103.2046327545013,-0.0163492506424896,-18.036569050859043,-251.84772659209648,stop_loss
67,long,2025-02-04 05:00:00,2025-02-04 21:00:00,16.0,98960.46992776,96521.26318355,1119.2502196571222,-0.024648293869164006,-27.587608327235102,-279.4353349193316,stop_loss
68,long,2025-02-04 07:00:00,2025-02-04 21:00:00,14.0,98508.80594356,96521.26318355,1117.4132940045777,-0.020176295316672088,-22.54526061061165,-301.98059552994323,stop_loss
69,long,2025-02-04 08:00:00,2025-02-04 21:00:00,13.0,98372.37665369,96521.26318355,1112.3782771372437,-0.01881741128057357,-20.932079540467385,-322.9126750704106,stop_loss
71,long,2025-02-04 22:00:00,2025-02-06 19:00:00,45.0,97586.59895651,96000.97042311,1221.1701763972046,-0.016248424992315158,-19.842092014042237,-342.75476708445285,stop_loss
72,long,2025-02-04 23:00:00,2025-02-06 19:00:00,44.0,97788.16115375,96000.97042311,1037.8847446217483,-0.01827614620782203,-18.96853333957506,-361.7233004240279,stop_loss
70,long,2025-02-04 21:00:00,2025-02-07 14:00:00,65.0,96521.26318355,99784.33104777,1436.8229299540005,0.03380672565396048,48.574278606274675,-313.14902181775324,take_profit
73,long,2025-02-06 19:00:00,2025-02-07 14:00:00,19.0,96000.97042311,99784.33104777,1214.9454456646604,0.039409608131932394,47.88052391532028,-265.26849790243296,take_profit
75,long,2025-02-07 14:00:00,2025-02-07 16:00:00,2.0,99784.33104777,97869.0187508,1289.5983443155944,-0.019194519588983217,-24.753220681885978,-290.02171858431893,stop_loss
76,long,2025-02-07 15:00:00,2025-02-07 20:00:00,5.0,98328.37907272,95771.77347318,1096.0425288172669,-0.026000688953178197,-28.49786087123266,-318.5195794555516,stop_loss
77,long,2025-02-07 16:00:00,2025-02-07 20:00:00,4.0,97869.0187508,95771.77347318,1121.1504381510124,-0.02142910294176059,-24.02524815233801,-342.5448276078896,stop_loss
74,long,2025-02-06 20:00:00,2025-02-09 21:00:00,73.0,96936.10761118,95280.92204031,1032.5942837248517,-0.017075015818760808,-17.631563728963783,-360.1763913368534,stop_loss
80,long,2025-02-09 21:00:00,2025-02-10 13:00:00,16.0,95280.92204031,98244.23509032,1074.8665803789015,0.03110080157238948,33.42921223315693,-326.74717910369645,take_profit
81,long,2025-02-10 13:00:00,2025-02-11 16:00:00,27.0,98244.23509032,96358.19005347,1079.684477600306,-0.01919751357538757,-20.727257415867143,-347.4744365195636,stop_loss
82,long,2025-02-11 16:00:00,2025-02-18 16:00:00,168.0,96358.19005347,94710.54776303,1076.3829112351252,-0.01709914112672417,-18.405223305603613,-365.8796598251672,stop_loss
78,long,2025-02-07 20:00:00,2025-02-18 17:00:00,261.0,95771.77347318,94203.20955064,1277.3826272934182,-0.016378144265849603,-20.921156952501633,-386.80081677766884,stop_loss
79,long,2025-02-07 21:00:00,2025-02-18 17:00:00,260.0,96017.57617292,94203.20955064,1085.6602687629493,-0.01889619270343257,-20.51484564900511,-407.31566242667395,stop_loss
85,long,2025-02-18 18:00:00,2025-02-20 00:00:00,30.0,93940.97688159,96870.30784565,1071.184927493157,0.03118267513603068,33.40241160463165,-373.9132508220423,take_profit
84,long,2025-02-18 17:00:00,2025-02-20 02:00:00,33.0,94203.20955064,97131.81092817,1260.3510106871986,0.031088127373788854,39.181952755927114,-334.7312980661152,take_profit
83,long,2025-02-18 16:00:00,2025-02-20 13:00:00,45.0,94710.54776303,97562.40065797,1073.43003528536,0.03011124908785745,32.32231917086506,-302.40897889525013,take_profit
86,long,2025-02-20 00:00:00,2025-02-21 19:00:00,43.0,96870.30784565,95239.62634926,1075.9994697298584,-0.016833656593600033,-18.113005568328163,-320.5219844635783,stop_loss
87,long,2025-02-20 02:00:00,2025-02-21 19:00:00,41.0,97131.81092817,95239.62634926,1109.315695867863,-0.019480585822798102,-21.610119617930877,-342.13210408150917,stop_loss
88,long,2025-02-20 13:00:00,2025-02-21 19:00:00,30.0,97562.40065797,95239.62634926,1108.5818385315881,-0.023808088905613256,-26.393214970908275,-368.52531905241744,stop_loss
89,long,2025-02-21 19:00:00,2025-02-24 22:00:00,75.0,95239.62634926,92497.79945789,1426.071389722446,-0.028788719532721108,-41.05476927235736,-409.5800883247748,stop_loss
90,long,2025-02-21 20:00:00,2025-02-24 22:00:00,74.0,94955.15410198,92497.79945789,1212.032334839004,-0.02587910753586753,-31.36631513024713,-440.94640345502194,stop_loss
91,long,2025-02-21 21:00:00,2025-02-24 22:00:00,73.0,95367.67721393,92497.79945789,1030.1184017030178,-0.030092771889602132,-30.999118081730444,-471.9455215367524,stop_loss
92,long,2025-02-24 22:00:00,2025-02-25 07:00:00,9.0,92497.79945789,89422.68584317,1409.9073871852916,-0.03324526240345815,-46.872741051549156,-518.8182625883015,stop_loss
93,long,2025-02-24 23:00:00,2025-02-25 07:00:00,8.0,91642.39828312,89422.68584317,1198.294387442651,-0.024221457333454155,-29.024436378359724,-547.8426989666613,stop_loss
94,long,2025-02-25 00:00:00,2025-02-25 07:00:00,7.0,91931.87173279,89422.68584317,1018.4423828313836,-0.027293971528320693,-27.797337400234824,-575.6400363668961,stop_loss
96,long,2025-02-25 08:00:00,2025-02-25 10:00:00,2.0,89542.20279511,88162.42557594,1184.5278506637608,-0.015409239175489198,-18.25267296090601,-593.8927093278021,stop_loss
95,long,2025-02-25 07:00:00,2025-02-25 14:00:00,7.0,89422.68584317,87119.6311293,1393.709746518762,-0.0257547029834142,-35.89458056668013,-629.7872898944822,stop_loss
97,long,2025-02-25 09:00:00,2025-02-25 14:00:00,5.0,88462.60544065,87119.6311293,1006.742065557637,-0.015181265628119056,-15.283618716231786,-645.070908610714,stop_loss
98,long,2025-02-25 10:00:00,2025-02-26 17:00:00,31.0,88162.42557594,86079.07988567,1030.4764608275261,-0.023630766470637554,-24.350948599304388,-669.4218572100184,stop_loss
99,long,2025-02-25 14:00:00,2025-02-26 18:00:00,28.0,87119.6311293,84196.04462591,1227.9918561157945,-0.03355829754433781,-41.20931608955743,-710.6311732995758,stop_loss
100,long,2025-02-25 15:00:00,2025-02-26 18:00:00,27.0,87145.40232834,84196.04462591,1043.682558431375,-0.03384409990234061,-35.32249677388188,-745.9536700734577,stop_loss
101,long,2025-02-26 17:00:00,2025-02-26 18:00:00,1.0,86079.07988567,84196.04462591,1037.8645187745426,-0.021875643446247817,-22.703954158223496,-768.6576242316812,stop_loss
103,long,2025-02-26 19:00:00,2025-02-27 06:00:00,11.0,83860.31258552,86384.44061496,1158.723082371682,0.030099196528344807,34.87663377823469,-733.7809904534465,take_profit
102,long,2025-02-26 18:00:00,2025-02-27 10:00:00,16.0,84196.04462591,87139.89406462,1363.347980811712,0.034964224884788564,47.66840539732311,-686.1125850561234,take_profit
104,long,2025-02-26 20:00:00,2025-02-27 10:00:00,14.0,84298.36450871,87139.89406462,984.8103349385165,0.03370800338144653,33.19599010019101,-652.9165949559324,take_profit
105,long,2025-02-27 06:00:00,2025-02-27 14:00:00,8.0,86384.44061496,84901.98300782,1015.9326852156285,-0.01716116463319739,-17.434588067231743,-670.3511830231641,stop_loss
106,long,2025-02-27 10:00:00,2025-02-27 14:00:00,4.0,87139.89406462,84901.98300782,1227.586143134764,-0.02568181980047457,-31.526646117546534,-701.8778291407107,stop_loss
107,long,2025-02-27 11:00:00,2025-02-27 14:00:00,3.0,86661.71145691,84901.98300782,1043.3377389116672,-0.020305720017599338,-21.18572401013546,-723.0635531508461,stop_loss
109,long,2025-02-27 15:00:00,2025-02-27 19:00:00,4.0,85463.49061688,84101.84379666,1163.4928914872548,-0.01593249714458833,-18.537347171369447,-741.6009003222156,stop_loss
108,long,2025-02-27 14:00:00,2025-02-27 20:00:00,6.0,84901.98300782,83400.0647076,1368.960115173671,-0.01769002615735915,-24.2169402458037,-765.8178405680193,stop_loss
110,long,2025-02-27 16:00:00,2025-02-28 01:00:00,9.0,84413.87680145,81759.30415386,988.8642434039327,-0.03144711211207396,-31.096924725944632,-796.9147652939639,stop_loss
111,long,2025-02-27 19:00:00,2025-02-28 01:00:00,6.0,84101.84379666,81759.30415386,1012.0858947598309,-0.027853606259379493,-28.190242013312172,-825.1050073072761,stop_loss
112,long,2025-02-27 20:00:00,2025-02-28 01:00:00,5.0,83400.0647076,81759.30415386,1061.7723721687644,-0.019673372670543032,-20.888643568962607,-845.9936508762387,stop_loss
113,long,2025-02-28 01:00:00,2025-02-28 03:00:00,2.0,81759.30415386,80448.91859586,1349.5245326305987,-0.01602735702757485,-21.62931150194163,-867.6229623781803,stop_loss
114,long,2025-02-28 02:00:00,2025-02-28 06:00:00,4.0,80822.65318618,79255.73194534,1146.9743955280721,-0.019387154208245327,-22.236569479011678,-889.859531857192,stop_loss
115,long,2025-02-28 03:00:00,2025-02-28 08:00:00,5.0,80448.91859586,78913.39693008,1173.8897811026607,-0.01908691493410619,-22.405934393922962,-912.265466251115,stop_loss
116,long,2025-02-28 04:00:00,2025-02-28 08:00:00,4.0,80334.28243433,78913.39693008,997.7006638569625,-0.017687162456595296,-17.646493724691027,-929.911959975806,stop_loss
118,long,2025-02-28 08:00:00,2025-02-28 13:00:00,5.0,78913.39693008,81476.06896143,1183.5278091483835,0.032474486348884835,38.434457681714775,-891.4775022940912,take_profit
117,long,2025-02-28 06:00:00,2025-02-28 14:00:00,8.0,79255.73194534,82113.68177944,1016.5652187216857,0.036059850359732026,36.657189668012165,-854.820312626079,take_profit
119,long,2025-02-28 09:00:00,2025-02-28 15:00:00,6.0,80297.51926467,83981.56390778,1005.8921202733028,0.04587993099720755,46.15026106877383,-808.6700515573052,take_profit
120,long,2025-02-28 13:00:00,2025-02-28 15:00:00,2.0,81476.06896143,83981.56390778,1038.1021353619828,0.030751298857288667,31.922989008905915,-776.7470625483993,take_profit
121,long,2025-02-28 14:00:00,2025-03-01 01:00:00,11.0,82113.68177944,84786.34461836,1040.1819571072024,0.03254832545566355,33.85618087303419,-742.8908816753651,take_profit
122,long,2025-02-28 15:00:00,2025-03-02 07:00:00,40.0,83981.56390778,86512.09281109,1202.180186946413,0.030131957367318885,36.22404214090466,-706.6668395344605,take_profit
125,long,2025-03-02 07:00:00,2025-03-02 14:00:00,7.0,86512.09281109,85075.38827576,1060.5468026809033,-0.016606979309438774,-17.612478808813194,-724.2793183432736,stop_loss
123,long,2025-02-28 16:00:00,2025-03-02 15:00:00,47.0,84407.93425275,87418.18770624,1021.744962687626,0.035663157499816744,36.438651528973196,-687.8406668143004,take_profit
124,long,2025-03-01 01:00:00,2025-03-02 15:00:00,38.0,84786.34461836,87418.18770624,1029.4003185024574,0.03104088399761129,31.953495873738802,-655.8871709405616,take_profit
126,long,2025-03-02 14:00:00,2025-03-02 16:00:00,2.0,85075.38827576,91260.86526268,1057.7156175581915,0.07270583317081836,76.9020952323549,-578.9850757082068,take_profit
127,long,2025-03-02 15:00:00,2025-03-02 16:00:00,1.0,87418.18770624,91260.86526268,1216.7029364392286,0.04395741501016848,53.483115921149874,-525.5019597870569,take_profit
128,long,2025-03-02 16:00:00,2025-03-02 17:00:00,1.0,91260.86526268,94119.05317741,1394.5921251428397,0.0313188781029321,43.67706077065759,-481.8248990163993,take_profit
129,long,2025-03-02 17:00:00,2025-03-03 03:00:00,10.0,94119.05317741,92702.8170508,1400.8887267404434,-0.015047284038657405,-21.07957057781664,-502.9044695942159,stop_loss
131,long,2025-03-02 19:00:00,2025-03-03 06:00:00,11.0,93537.81281018,91631.29539008,1011.9277804419778,-0.020382317726083232,-20.625433536818605,-523.5299031310345,stop_loss
130,long,2025-03-02 18:00:00,2025-03-03 08:00:00,14.0,92901.97758337,91449.99539132,1190.6293377439704,-0.015629184973452115,-18.60856615441935,-542.1384692854539,stop_loss
132,long,2025-03-03 03:00:00,2025-03-03 14:00:00,11.0,92702.8170508,89306.15026851,1066.8947304757808,-0.036640383651218134,-39.09143224009563,-581.2299015255495,stop_loss
133,long,2025-03-03 06:00:00,2025-03-03 14:00:00,8.0,91631.29539008,89306.15026851,1055.3706352032232,-0.02537501092472516,-26.780041397915966,-608.0099429234655,stop_loss
134,long,2025-03-03 08:00:00,2025-03-03 14:00:00,6.0,91449.99539132,89306.15026851,1072.6676904345609,-0.023442812803175728,-25.146347866872247,-633.1562907903377,stop_loss
135,long,2025-03-03 14:00:00,2025-03-03 18:00:00,4.0,89306.15026851,87264.28038142,1376.9789295974251,-0.02286370962079154,-31.482846400263952,-664.6391371906017,stop_loss
136,long,2025-03-03 15:00:00,2025-03-03 18:00:00,3.0,90000.87197091,87264.28038142,1170.3081620541475,-0.030406278623328342,-35.58471605057366,-700.2238532411753,stop_loss
137,long,2025-03-03 16:00:00,2025-03-03 18:00:00,2.0,90215.27692033,87264.28038142,994.6566100114405,-0.03271060777783841,-32.5358222437186,-732.7596754848939,stop_loss
138,long,2025-03-03 18:00:00,2025-03-03 19:00:00,1.0,87264.28038142,85723.12636812,1361.4098363315647,-0.017660765740161066,-24.043540195802734,-756.8032156806967,stop_loss
139,long,2025-03-03 19:00:00,2025-03-04 01:00:00,6.0,85723.12636812,83334.26660028,1357.5604154502723,-0.027867156379499658,-37.83134839197123,-794.6345640726679,stop_loss
140,long,2025-03-03 20:00:00,2025-03-04 01:00:00,5.0,86017.18440783,83334.26660028,1153.804172695341,-0.031190486250161298,-35.98771318383274,-830.6222772565006,stop_loss
141,long,2025-03-03 21:00:00,2025-03-04 01:00:00,4.0,85334.9700218,83334.26660028,980.6297044154971,-0.023445293541544565,-22.991151275579455,-853.6134285320801,stop_loss
142,long,2025-03-04 01:00:00,2025-03-04 18:00:00,17.0,83334.26660028,86752.96291569,1342.4190374690606,0.041023896349962286,55.071259451346805,-798.5421690807333,take_profit
143,long,2025-03-04 02:00:00,2025-03-04 18:00:00,16.0,83894.64408309,86752.96291569,1140.9353641353293,0.03407033743142307,38.87205284353422,-759.6701162371991,take_profit
144,long,2025-03-04 03:00:00,2025-03-04 18:00:00,15.0,83918.45451572,86752.96291569,969.6923753322577,0.033776937579790944,32.75323883319686,-726.9168774040022,take_profit
146,long,2025-03-04 19:00:00,2025-03-04 20:00:00,1.0,88427.68542343,86811.69476314,1156.5495125232862,-0.018274713994287484,-21.135611561595624,-748.0524889655978,stop_loss
145,long,2025-03-04 18:00:00,2025-03-05 10:00:00,16.0,86752.96291569,89920.73111565,1360.7905690288221,0.036514812791334395,49.68901287630092,-698.3634760892969,take_profit
147,long,2025-03-04 20:00:00,2025-03-05 10:00:00,14.0,86811.69476314,89920.73111565,1153.1728940818334,0.03581356591404883,41.29923345249426,-657.0642426368026,take_profit
148,long,2025-03-04 21:00:00,2025-03-05 12:00:00,15.0,87506.45280854,90358.05313946,980.093174409091,0.032587314871043604,31.938604877429725,-625.1256377593729,take_profit
149,long,2025-03-05 10:00:00,2025-03-05 14:00:00,4.0,89920.73111565,88508.18548878,1223.4993006240986,-0.01570878716559021,-19.21969011075248,-644.3453278701254,stop_loss
151,long,2025-03-05 12:00:00,2025-03-05 14:00:00,2.0,90358.05313946,88508.18548878,1035.5047432511026,-0.020472637317947573,-21.199513049594202,-665.5448409197196,stop_loss
150,long,2025-03-05 11:00:00,2025-03-05 15:00:00,4.0,89822.51537826,88325.00081099,1039.8642905934278,-0.01667192864688416,-17.336543255216498,-682.8813841749361,stop_loss
153,long,2025-03-05 15:00:00,2025-03-06 01:00:00,10.0,88325.00081099,91125.28319807,1183.9508002902808,0.03170430072310371,37.53633221376231,-645.3450519611738,take_profit
152,long,2025-03-05 14:00:00,2025-03-06 02:00:00,12.0,88508.18548878,91807.82728763,1212.6738898081082,0.03728063998406439,45.20925870401106,-600.1357932571627,take_profit
154,long,2025-03-05 16:00:00,2025-03-06 02:00:00,10.0,88908.36169889,91807.82728763,1006.2516246747124,0.03261184362568459,32.8157206319828,-567.3200726251799,take_profit
156,long,2025-03-06 02:00:00,2025-03-06 12:00:00,10.0,91807.82728763,90099.62622176,1226.828384454307,-0.018606268292552852,-22.826698070075963,-590.1467706952559,stop_loss
157,long,2025-03-06 03:00:00,2025-03-06 12:00:00,9.0,91655.62112295,90099.62622176,1042.6937122315603,-0.016976535450048846,-17.701326769242087,-607.848097464498,stop_loss
155,long,2025-03-06 01:00:00,2025-03-06 13:00:00,12.0,91125.28319807,89548.99949113,1038.336454360966,-0.017297984177605086,-17.961127558566545,-625.8092250230645,stop_loss
158,long,2025-03-06 12:00:00,2025-03-06 17:00:00,5.0,90099.62622176,88704.79403892,1220.3443142732415,-0.01548099854939411,-18.892148559025372,-644.7013735820899,stop_loss
160,long,2025-03-06 14:00:00,2025-03-06 18:00:00,4.0,89826.23651824,88427.02431509,1011.518092920056,-0.015576876616286484,-15.756292528557083,-660.457666110647,stop_loss
159,long,2025-03-06 13:00:00,2025-03-07 00:00:00,11.0,89548.99949113,85523.08259757,1190.1473013849184,-0.044957698203638485,-53.50628319353791,-713.9639493041849,stop_loss
161,long,2025-03-06 17:00:00,2025-03-07 00:00:00,7.0,88704.79403892,85523.08259757,1039.809036515903,-0.03586853986667271,-37.29643187999716,-751.260381184182,stop_loss
162,long,2025-03-06 18:00:00,2025-03-07 00:00:00,6.0,88427.02431509,85523.08259757,1033.0187497219206,-0.03283998008541433,-33.9243151687275,-785.1846963529096,stop_loss
163,long,2025-03-07 00:00:00,2025-03-07 01:00:00,1.0,85523.08259757,88303.13366051,1348.4277318580653,0.03250644128464786,43.832586892234985,-741.3521094606746,take_profit
165,long,2025-03-07 02:00:00,2025-03-07 14:00:00,12.0,87327.26267985,90473.53819181,1151.420636236027,0.03602855987247122,41.48402733102853,-699.868082129646,take_profit
166,long,2025-03-07 03:00:00,2025-03-07 14:00:00,11.0,87101.30406695,90473.53819181,978.6039129433616,0.03871623003793312,37.88785420953661,-661.9802279201094,take_profit
167,long,2025-03-07 14:00:00,2025-03-07 15:00:00,1.0,90473.53819181,88445.1043414,1162.9358705789207,-0.022420189272465474,-26.073242330118774,-688.0534702502282,stop_loss
168,long,2025-03-07 15:00:00,2025-03-07 20:00:00,5.0,88445.1043414,87012.93717593,1158.8179023645087,-0.016192724019430282,-18.76441848176364,-706.8178887319918,stop_loss
164,long,2025-03-07 01:00:00,2025-03-07 21:00:00,20.0,88303.13366051,86354.61073551,1354.7559579673457,-0.02206629418714956,-29.894443520301138,-736.712332252293,stop_loss
169,long,2025-03-07 16:00:00,2025-03-09 09:00:00,41.0,87179.70652021,85683.20519556,984.8909233986194,-0.017165707300277333,-16.90634931376053,-753.6186815660535,stop_loss
170,long,2025-03-07 20:00:00,2025-03-09 09:00:00,37.0,87012.93717593,85683.20519556,1007.974062474583,-0.01528200315409911,-15.403862801986634,-769.0225443680401,stop_loss
171,long,2025-03-07 21:00:00,2025-03-09 10:00:00,37.0,86354.61073551,84946.73868621,1055.297225068529,-0.016303380182119853,-17.204911865428357,-786.2274562334685,stop_loss
172,long,2025-03-09 13:00:00,2025-03-09 17:00:00,4.0,83635.25437862,82362.87828911,1346.4348493642506,-0.015213394147758685,-20.48384405765637,-806.7113002911249,stop_loss
173,long,2025-03-09 14:00:00,2025-03-09 17:00:00,3.0,83772.69158908,82362.87828911,1144.3484428231702,-0.016829031910367553,-19.25827646085054,-825.9695767519754,stop_loss
174,long,2025-03-09 15:00:00,2025-03-09 21:00:00,6.0,83126.65806135,81838.9066687,972.5931850398406,-0.015491437075451753,-15.066866126057903,-841.0364428780333,stop_loss
175,long,2025-03-09 17:00:00,2025-03-09 22:00:00,5.0,82362.87828911,80356.81912339,1194.0522559420979,-0.024356350911855285,-29.08275575281823,-870.1191986308515,stop_loss
176,long,2025-03-09 18:00:00,2025-03-09 22:00:00,4.0,82837.40446444,80356.81912339,1014.8369528477484,-0.029945232556324863,-30.389528559777887,-900.5087271906294,stop_loss
177,long,2025-03-09 21:00:00,2025-03-09 22:00:00,1.0,81838.9066687,80356.81912339,1006.062845063195,-0.018109816047638394,-18.21961305645823,-918.7283402470877,stop_loss
178,long,2025-03-09 22:00:00,2025-03-10 09:00:00,11.0,80356.81912339,82485.15169304,1325.3695427061748,0.026486023126200298,35.10376835887723,-883.6245718882104,exit_signal
179,long,2025-03-09 23:00:00,2025-03-10 09:00:00,10.0,80810.22119054,82485.15169304,1126.4448280414051,0.020726715975083465,23.347502012416044,-860.2770698757944,exit_signal
180,long,2025-03-10 00:00:00,2025-03-10 09:00:00,9.0,81408.1255569,82485.15169304,957.3767238006706,0.013229958665332608,12.666054483034372,-847.61101539276,exit_signal
181,short,2025-03-10 10:00:00,2025-03-10 11:00:00,1.0,82383.69488676,83664.86666512,1335.4170864780683,-0.015551278443155958,-20.767442949568476,-868.3784583423285,stop_loss
182,short,2025-03-10 11:00:00,2025-03-10 14:00:00,3.0,83664.86666512,79819.51698203,1332.0634640299324,0.045961343588600156,61.22342655210059,-807.1550317902279,take_profit
183,short,2025-03-10 12:00:00,2025-03-10 14:00:00,2.0,83261.07280675,79819.51698203,1132.13405871368,0.041334512139999724,46.79620899400766,-760.3588227962202,take_profit
184,short,2025-03-10 13:00:00,2025-03-10 16:00:00,3.0,81582.52546308,79001.58170371,962.2120578413437,0.031635987544146316,30.44052867669609,-729.9182941195241,take_profit
185,short,2025-03-10 14:00:00,2025-03-10 20:00:00,6.0,79819.51698203,79272.95073419,1203.3947242791485,0.006847526375824309,8.240277115029357,-721.6780170044948,exit_signal
186,short,2025-03-10 15:00:00,2025-03-10 20:00:00,5.0,80056.36889783,79272.95073419,1022.777210112091,0.00978583183856152,10.008725786470109,-711.6692912180247,exit_signal
187,short,2025-03-10 16:00:00,2025-03-10 20:00:00,4.0,79001.58170371,79272.95073419,1018.0771278912865,-0.0034349822450105982,-3.4970768583579,-715.1663680763826,exit_signal
188,long,2025-03-10 21:00:00,2025-03-11 00:00:00,3.0,79539.68080221,77654.98019282,1353.8307699259842,-0.023695098979296114,-32.07915409461293,-747.2455221709955,stop_loss
189,long,2025-03-10 22:00:00,2025-03-11 00:00:00,2.0,79529.26594695,77654.98019282,1150.634309667793,-0.023567245740458098,-27.117281533343203,-774.3628037043387,stop_loss
191,long,2025-03-11 00:00:00,2025-03-11 05:00:00,5.0,77654.98019282,80377.34267722,1197.7274734226555,0.03505715251797481,41.98891471074671,-732.373888993592,take_profit
190,long,2025-03-10 23:00:00,2025-03-11 07:00:00,8.0,78665.52026754,80527.24663525,977.9356061297541,0.023666358035620894,23.144174190448666,-709.2297148031433,exit_signal
192,long,2025-03-11 01:00:00,2025-03-11 07:00:00,6.0,79077.21258444,80527.24663525,1017.960556936649,0.018336939345979575,18.666280989147026,-690.5634338139963,exit_signal
193,long,2025-03-11 05:00:00,2025-03-11 07:00:00,2.0,80377.34267722,80527.24663525,1051.0207406911056,0.0018650026616577886,1.9601564788465566,-688.6032773351498,exit_signal
194,long,2025-03-11 10:00:00,2025-03-11 14:00:00,4.0,81915.68282595,79746.63379074,1356.5980031567829,-0.026479044798035423,-35.92141929851391,-724.5246966336637,stop_loss
195,long,2025-03-11 11:00:00,2025-03-11 14:00:00,3.0,81777.60930437,79746.63379074,1152.9862088629814,-0.024835349564583997,-28.634815540256568,-753.1595121739202,stop_loss
196,long,2025-03-11 12:00:00,2025-03-11 14:00:00,2.0,81377.97299765,79746.63379074,979.9345087747365,-0.020046446806399332,-19.644205003907814,-772.803717177828,stop_loss
197,long,2025-03-11 14:00:00,2025-03-11 18:00:00,4.0,79746.63379074,83270.13969885,1343.347401850224,0.044183757239909305,59.35413549221312,-713.4495816856149,take_profit
200,long,2025-03-11 18:00:00,2025-03-12 04:00:00,10.0,83270.13969885,81899.23167674,1035.0001848757188,-0.016463380835770813,-17.03960220870215,-730.4891838943171,stop_loss
198,long,2025-03-11 15:00:00,2025-03-12 12:00:00,21.0,81234.73583549,84055.33067528,1141.724390306524,0.034721536431189026,39.642425012405056,-690.846758881912,take_profit
199,long,2025-03-11 16:00:00,2025-03-12 12:00:00,20.0,81529.82099856,84055.33067528,970.3629765654177,0.030976514431015456,30.058462746901796,-660.7882961350102,take_profit
202,long,2025-03-12 12:00:00,2025-03-12 13:00:00,1.0,84055.33067528,82699.00781024,1204.3995302627782,-0.016136071967638776,-19.434277498110532,-680.2225736331208,stop_loss
203,long,2025-03-12 13:00:00,2025-03-13 15:00:00,26.0,82699.00781024,81020.54909754,1201.2693458075892,-0.020295995770002073,-24.380957561143987,-704.6035311942647,stop_loss
201,long,2025-03-12 04:00:00,2025-03-13 17:00:00,37.0,81899.23167674,80062.43755881,1032.2594780753348,-0.022427489004779977,-23.15098809461449,-727.7545192888792,stop_loss
204,long,2025-03-12 14:00:00,2025-03-13 17:00:00,27.0,81506.09244227,80062.43755881,1020.9708296953281,-0.017712232793917093,-18.083673011362293,-745.8381923002415,stop_loss
206,long,2025-03-13 17:00:00,2025-03-14 08:00:00,15.0,80062.43755881,82710.31935635,1189.0608506585736,0.03307271022812652,39.325464957440545,-706.512727342801,take_profit
207,long,2025-03-13 18:00:00,2025-03-14 11:00:00,17.0,80797.59061368,83373.855639,1010.5947075832282,0.031885418930843734,32.223235620584774,-674.2894917222162,take_profit
205,long,2025-03-13 15:00:00,2025-03-14 13:00:00,22.0,81020.54909754,83609.14811092,1044.160656148381,0.03194990705708012,33.360835916600536,-640.9286558056157,take_profit
210,long,2025-03-14 13:00:00,2025-03-16 22:00:00,57.0,83609.14811092,82258.99796607,1047.8493614461922,-0.016148354281266153,-16.921042722031643,-657.8496985276473,stop_loss
208,long,2025-03-14 08:00:00,2025-03-18 13:00:00,101.0,82710.31935635,81403.49244526,1043.061940496058,-0.01580004673249613,-16.480427404725788,-674.3301259323731,stop_loss
209,long,2025-03-14 11:00:00,2025-03-18 13:00:00,98.0,83373.855639,81403.49244526,1042.8376117126882,-0.023632866426034904,-24.645241981651225,-698.9753679140243,stop_loss
212,long,2025-03-18 13:00:00,2025-03-19 11:00:00,22.0,81403.49244526,83877.83733498,1194.7934893932184,0.030396053233021636,36.31700650606399,-662.6583614079603,take_profit
213,long,2025-03-18 14:00:00,2025-03-19 14:00:00,24.0,81849.9888106,84312.44008233,1015.4669345701902,0.030084931073455445,30.550252733917205,-632.1081086740431,take_profit
211,long,2025-03-16 22:00:00,2025-03-19 15:00:00,65.0,82258.99796607,84736.22049812,1045.124115046672,0.030114912572504204,31.473821352046343,-600.6342873219968,take_profit
214,long,2025-03-19 11:00:00,2025-03-19 23:00:00,12.0,83877.83733498,86923.55072051,1047.6112768008118,0.036311300842992056,38.04012823842527,-562.5941590835715,take_profit
217,long,2025-03-19 23:00:00,2025-03-20 10:00:00,11.0,86923.55072051,85138.36367589,1035.7616451341821,-0.020537438126061014,-21.27189070029044,-583.866049783862,stop_loss
215,long,2025-03-19 18:00:00,2025-03-20 16:00:00,22.0,85644.30295717,83757.31953944,1208.5765334600685,-0.022032795557617946,-26.62831967746024,-610.4943694613222,stop_loss
216,long,2025-03-19 19:00:00,2025-03-20 16:00:00,21.0,85467.24197704,83757.31953944,1027.1812815530468,-0.02000675812212782,-20.55056744760907,-631.0449369089313,stop_loss
218,long,2025-03-20 10:00:00,2025-03-20 16:00:00,6.0,85138.36367589,83757.31953944,1032.3863389031774,-0.016221173121290455,-16.746517531403697,-647.791454440335,stop_loss
219,long,2025-03-20 16:00:00,2025-03-24 03:00:00,83.0,83757.31953944,86609.13152255,1357.7799059987392,0.034048510611268235,46.230383537164926,-601.56107090317,take_profit
221,long,2025-03-20 18:00:00,2025-03-24 03:00:00,81.0,84029.03841785,86609.13152255,980.7882527564885,0.03070477960095186,30.1148871360906,-571.4461837670794,take_profit
220,long,2025-03-20 17:00:00,2025-03-24 04:00:00,83.0,84137.29302757,86920.45334725,1153.9907199073884,0.03307879561525717,38.1726231657201,-533.2735606013593,take_profit
224,long,2025-03-24 10:00:00,2025-03-25 07:00:00,21.0,87802.22628497,86456.34012862,992.7349454033535,-0.015328610825673272,-15.217247631134,-548.4908082324934,stop_loss
222,long,2025-03-24 08:00:00,2025-03-28 05:00:00,93.0,87409.35001302,86041.61871367,1374.3186228659808,-0.0156474255802872,-21.50454837489815,-569.9953566073915,stop_loss
223,long,2025-03-24 09:00:00,2025-03-28 06:00:00,93.0,87201.19325081,85855.06783766,1168.0471407600257,-0.015437006799646102,-18.031151654219684,-588.0265082616112,stop_loss
225,long,2025-03-25 07:00:00,2025-03-28 09:00:00,74.0,86456.34012862,85152.48756868,990.2750355207977,-0.015081051985317506,-14.934389290451236,-602.9608975520624,stop_loss
226,long,2025-03-28 05:00:00,2025-03-28 14:00:00,9.0,86041.61871367,84139.14997271,1044.4450133464393,-0.022111029167071528,-23.09375415350553,-626.054651705568,stop_loss
227,long,2025-03-28 06:00:00,2025-03-28 14:00:00,8.0,85855.06783766,84139.14997271,1060.0831582201236,-0.019986215236525773,-21.187050168803353,-647.2417018743713,stop_loss
228,long,2025-03-28 09:00:00,2025-03-28 16:00:00,7.0,85152.48756868,83733.21430221,1047.1885932792566,-0.016667431651075093,-17.453944304267452,-664.6956461786388,stop_loss
229,long,2025-03-28 14:00:00,2025-03-29 11:00:00,21.0,84139.14997271,82388.27862301,1198.867740137559,-0.02080923506201182,-24.94752061278541,-689.6431667914242,stop_loss
230,long,2025-03-28 16:00:00,2025-03-29 11:00:00,19.0,83733.21430221,82388.27862301,1173.2972022481533,-0.016062152759905524,-18.84567889527966,-708.4888456867038,stop_loss
231,long,2025-03-28 17:00:00,2025-03-29 11:00:00,18.0,83951.06749414,82388.27862301,997.1970251627281,-0.018615473486850997,-18.563294783083506,-727.0521404697873,stop_loss
234,long,2025-03-29 13:00:00,2025-03-31 03:00:00,38.0,82819.30197112,81524.14490796,970.3149493755698,-0.01563834797366004,-15.174122822379445,-742.2262632921668,stop_loss
235,long,2025-03-31 03:00:00,2025-04-01 08:00:00,29.0,81524.14490796,84102.13698071,967.8655399323793,0.03162243622009808,30.606266306142402,-711.6199969860244,take_profit
232,long,2025-03-29 11:00:00,2025-04-01 15:00:00,76.0,82388.27862301,85279.46887745,1343.280914152055,0.03509225223249812,47.13875265852448,-664.4812443274999,take_profit
233,long,2025-03-29 12:00:00,2025-04-01 15:00:00,75.0,82503.29176027,85279.46887745,1141.667881746973,0.03364928911256948,38.41631262343867,-626.0649317040612,take_profit
236,long,2025-04-01 08:00:00,2025-04-02 15:00:00,31.0,84102.13698071,86763.51095441,972.2795095171452,0.031644546372352256,30.767344025803254,-595.297587678258,take_profit
239,long,2025-04-02 15:00:00,2025-04-02 21:00:00,6.0,86763.51095441,84839.44177768,1025.6305146486745,-0.022176017954609994,-22.7444007076449,-618.0419883859029,stop_loss
237,long,2025-04-01 15:00:00,2025-04-02 22:00:00,31.0,85279.46887745,82797.43207198,1211.6943117633593,-0.029104740427461806,-35.266048421304504,-653.3080368072074,stop_loss
238,long,2025-04-01 16:00:00,2025-04-02 22:00:00,30.0,85111.75008624,82797.43207198,1029.8311125107966,-0.027191521874653124,-28.00267522303568,-681.310712030243,stop_loss
240,long,2025-04-02 21:00:00,2025-04-02 22:00:00,1.0,84839.44177768,82797.43207198,1022.0362880459546,-0.024069108222694813,-24.599502024499316,-705.9102140547424,stop_loss
243,long,2025-04-03 00:00:00,2025-04-03 12:00:00,12.0,83213.25413588,81930.42280949,971.3451303435409,-0.015416189881184539,-14.974440969539955,-720.8846550242823,stop_loss
241,long,2025-04-02 22:00:00,2025-04-03 14:00:00,16.0,82797.43207198,81492.92961652,1344.7070721570292,-0.01575534920365551,-21.186329498459145,-742.0709845227415,stop_loss
245,long,2025-04-03 14:00:00,2025-04-04 07:00:00,17.0,81492.92961652,83979.56132433,1021.9084405478515,0.030513465640654935,31.181968088552026,-710.8890164341894,take_profit
244,long,2025-04-03 12:00:00,2025-04-04 08:00:00,20.0,81930.42280949,84397.22923164,968.9254697743353,0.030108552324769278,29.17294320550218,-681.7160732286873,take_profit
246,long,2025-04-04 07:00:00,2025-04-04 10:00:00,3.0,83979.56132433,82559.84408184,1026.3989858647076,-0.01690550915129263,-17.351797448413322,-699.0678706771006,stop_loss
247,long,2025-04-04 08:00:00,2025-04-04 10:00:00,2.0,84397.22923164,82559.84408184,1021.9716951660812,-0.02177068093973844,-22.249019704904413,-721.316890382005,stop_loss
242,long,2025-04-02 23:00:00,2025-04-06 17:00:00,90.0,82495.34492457,80782.74636699,1142.8799876969806,-0.020759941777877544,-23.72612200369076,-745.0430123856958,stop_loss
248,long,2025-04-04 10:00:00,2025-04-06 17:00:00,55.0,82559.84408184,80782.74636699,1169.7186537324758,-0.021524964522563805,-25.178152522972596,-770.2211649086684,stop_loss
249,long,2025-04-04 11:00:00,2025-04-06 17:00:00,54.0,82656.20912653,80782.74636699,994.1555809937685,-0.022665723232868085,-22.533255249215927,-792.7544201578843,stop_loss
250,long,2025-04-06 17:00:00,2025-04-06 18:00:00,1.0,80782.74636699,79040.34747213,1329.9490952371773,-0.021568948484920414,-28.68560352273721,-821.4400236806215,stop_loss
252,long,2025-04-06 19:00:00,2025-04-06 22:00:00,3.0,79608.74903008,77993.55240613,1126.4787418894482,-0.02028918483996911,-22.85533541249083,-844.2953590931123,stop_loss
251,long,2025-04-06 18:00:00,2025-04-07 03:00:00,9.0,79040.34747213,77633.73708203,1325.4094455759412,-0.017796105850824806,-23.587126789152535,-867.8824858822649,stop_loss
253,long,2025-04-06 20:00:00,2025-04-07 04:00:00,8.0,78814.64900899,76935.16552338,957.4055475192608,-0.023846880107219914,-22.831135305679027,-890.7136211879439,stop_loss
254,long,2025-04-06 22:00:00,2025-04-07 06:00:00,8.0,77993.55240613,74714.34828717,979.1527337570556,-0.04204455391241113,-41.16803990293329,-931.8816610908772,stop_loss
255,long,2025-04-07 03:00:00,2025-04-07 06:00:00,3.0,77633.73708203,74714.34828717,1027.3478837567866,-0.0376046407733186,-38.63304811790306,-970.5147092087802,stop_loss
256,long,2025-04-07 04:00:00,2025-04-07 06:00:00,2.0,76935.16552338,74714.34828717,1013.2552900186686,-0.028866087712973276,-29.24871607731302,-999.7634252860933,stop_loss
257,long,2025-04-07 06:00:00,2025-04-07 12:00:00,6.0,74714.34828717,77284.49219252,1297.5197555056116,0.03439960281084797,44.63416422862156,-955.1292610574717,take_profit
258,long,2025-04-07 07:00:00,2025-04-07 13:00:00,6.0,75047.74963572,78317.17654724,1102.7750154017742,0.04356462288862395,48.04197767697474,-907.087283380497,take_profit
259,long,2025-04-07 08:00:00,2025-04-07 14:00:00,6.0,76200.90083737,78995.31679668,937.259513340122,0.03667169191705377,34.370892119536734,-872.7163912609602,take_profit
262,long,2025-04-07 14:00:00,2025-04-07 16:00:00,2.0,78995.31679668,77392.37117646,1013.0322737523951,-0.020291653799499154,-20.55610018670302,-893.2724914476632,stop_loss
260,long,2025-04-07 12:00:00,2025-04-07 22:00:00,10.0,77284.49219252,79935.09726416,997.788527090262,0.034296726244085196,34.2208799631037,-859.0516114845595,take_profit
263,long,2025-04-07 16:00:00,2025-04-07 22:00:00,6.0,77392.37117646,79935.09726416,1009.768362964131,0.03285499654613755,33.17593607758545,-825.8756754069741,take_profit
264,long,2025-04-07 22:00:00,2025-04-08 14:00:00,16.0,79935.09726416,78461.02628642,1169.2685394475584,-0.018440847990322085,-21.56230339581839,-847.4379788027925,stop_loss
265,long,2025-04-07 23:00:00,2025-04-08 16:00:00,17.0,79144.05434046,77356.82846926,993.7730243618744,-0.022581934752947563,-22.441317595379246,-869.8792963981717,stop_loss
266,long,2025-04-08 14:00:00,2025-04-08 18:00:00,4.0,78461.02628642,77226.56920042,1016.6702729819172,-0.015733379289402327,-15.995659017084677,-885.8749554152564,stop_loss
261,long,2025-04-07 13:00:00,2025-04-08 19:00:00,30.0,78317.17654724,76775.75162104,1020.5494224917198,-0.019681824526325054,-20.08627465392442,-905.9612300691808,stop_loss
267,long,2025-04-08 16:00:00,2025-04-09 01:00:00,9.0,77356.82846926,76030.90669266,1009.6905678714264,-0.017140332700259164,-17.306432257629808,-923.2676623268106,stop_loss
268,long,2025-04-08 18:00:00,2025-04-09 01:00:00,7.0,77226.56920042,76030.90669266,1008.1572419190721,-0.015482527841641947,-15.608822566764957,-938.8764848935756,stop_loss
269,long,2025-04-08 19:00:00,2025-04-09 03:00:00,8.0,76775.75162104,75032.44375062,1006.8223519718025,-0.02270649044277484,-22.86140211261977,-961.7378870061954,stop_loss
272,long,2025-04-09 03:00:00,2025-04-09 07:00:00,4.0,75032.44375062,77668.49636199,980.5664487686398,0.03513217055986151,34.44942772341756,-927.2884592827778,take_profit
273,long,2025-04-09 07:00:00,2025-04-09 11:00:00,4.0,77668.49636199,76195.50425762,985.5542605178789,-0.01896511678949986,-18.69115165311075,-945.9796109358886,stop_loss
271,long,2025-04-09 02:00:00,2025-04-09 16:00:00,14.0,75639.60005088,78202.54832417,980.1753865412218,0.033883683567417,33.211952638133425,-912.7676582977551,take_profit
270,long,2025-04-09 01:00:00,2025-04-09 17:00:00,16.0,76030.90669266,82165.42858556,1153.2696244793233,0.08068458157019753,93.05107708873311,-819.716581209022,take_profit
274,long,2025-04-09 11:00:00,2025-04-09 17:00:00,6.0,76195.50425762,82165.42858556,982.5748702066678,0.07835008621710071,76.98482579544907,-742.731755413573,take_profit
275,long,2025-04-09 16:00:00,2025-04-09 17:00:00,1.0,78202.54832417,82165.42858556,987.0171039537262,0.050674566830774204,50.016664197420255,-692.7150912161527,take_profit
276,long,2025-04-09 17:00:00,2025-04-10 13:00:00,20.0,82165.42858556,80818.85729099,1340.0119694045945,-0.016388538558741894,-21.960837829762795,-714.6759290459155,stop_loss
278,long,2025-04-09 19:00:00,2025-04-10 13:00:00,18.0,82294.4208146,80818.85729099,967.9536369175976,-0.0179302984212536,-17.355697567870266,-732.0316266137858,stop_loss
277,long,2025-04-09 18:00:00,2025-04-10 15:00:00,21.0,81746.06696743,78696.84981101,1138.8895729166588,-0.03730108700685131,-42.481819050560034,-774.5134456643458,stop_loss
279,long,2025-04-10 13:00:00,2025-04-10 15:00:00,2.0,80818.85729099,78696.84981101,1162.766657774936,-0.026256341045997056,-30.52999792345281,-805.0434435877986,stop_loss
280,long,2025-04-10 14:00:00,2025-04-10 15:00:00,1.0,81216.85660685,78696.84981101,988.2470101094959,-0.031028125208522828,-30.663451966625757,-835.7068955544244,stop_loss
281,long,2025-04-10 15:00:00,2025-04-11 07:00:00,16.0,78696.84981101,81218.46148563,1317.5684516237618,0.03204209165520133,42.21764908893033,-793.489246465494,take_profit
282,long,2025-04-10 16:00:00,2025-04-11 09:00:00,17.0,79392.13935007,82383.66013898,1119.8146027195514,0.03768031461804111,42.19496654434943,-751.2942799211446,take_profit
283,long,2025-04-10 17:00:00,2025-04-11 09:00:00,16.0,79271.2890657,82383.66013898,951.7416289973739,0.03926227402080573,37.36754063470289,-713.9267392864417,take_profit
284,long,2025-04-11 07:00:00,2025-04-11 17:00:00,10.0,81218.46148563,83904.04845595,1012.7402622589979,0.03306621328692816,33.4874855161155,-680.4392537703262,take_profit
